6c5067354df300d9f3af297452950cd070b1ddd83066e94f991f95e580ee2953,F:\IITK\ARH thesis\DFS3\DFS\6c5067354df300d9f3af297452950cd070b1ddd83066e94f991f95e580ee2953
9d1a6809dae3633a0af5e42ec8b5e96ca82a9ff4d0f90e670819c0d595eb8513,F:\IITK\ARH thesis\DFS3\DFS\9d1a6809dae3633a0af5e42ec8b5e96ca82a9ff4d0f90e670819c0d595eb8513
1a184ae20a48a145e41d6a8ed8788c071c4d7ed5d314c86a691947201ba8b1d2,F:\IITK\ARH thesis\DFS3\DFS\1a184ae20a48a145e41d6a8ed8788c071c4d7ed5d314c86a691947201ba8b1d2
76b7a5e38e988061f3462eefaf7592590390e107aac3dff7e1e07bf4528d4859,F:\IITK\ARH thesis\DFS3\DFS\76b7a5e38e988061f3462eefaf7592590390e107aac3dff7e1e07bf4528d4859
1938261bfb7d63dcad2b4925b8e5c37a9a11b69e00066f9c4831cc366926b99e,F:\IITK\ARH thesis\DFS3\DFS\1938261bfb7d63dcad2b4925b8e5c37a9a11b69e00066f9c4831cc366926b99e
5d12e7696c0484fdc31269fa36f3365c1cb15526d6db439a9330567b169680d8,F:\IITK\ARH thesis\DFS3\DFS\5d12e7696c0484fdc31269fa36f3365c1cb15526d6db439a9330567b169680d8
3fb9af3e2fe37bfd747e7f0c12373176018f538e0bfeb4507996483b4483abe5,F:\IITK\ARH thesis\DFS3\DFS\3fb9af3e2fe37bfd747e7f0c12373176018f538e0bfeb4507996483b4483abe5
c16767da401ced732ef0c12239cfd7c7018eb21c00885412a109fd711e6d77c2,F:\IITK\ARH thesis\DFS3\DFS\c16767da401ced732ef0c12239cfd7c7018eb21c00885412a109fd711e6d77c2
4b38eabed161f053ee83c89059f64f03ad78946461d3228421257c6a8694c90b,F:\IITK\ARH thesis\DFS3\DFS\4b38eabed161f053ee83c89059f64f03ad78946461d3228421257c6a8694c90b
cbca2ab51c412d9a15c108ae3b8085fb4c8f46a7e6c0fc277df25f7785289f96,F:\IITK\ARH thesis\DFS3\DFS\cbca2ab51c412d9a15c108ae3b8085fb4c8f46a7e6c0fc277df25f7785289f96
e684c6e923ceb402779ccf79b6f9358857cfe6c5369b31ec516893b2a59085d5,F:\IITK\ARH thesis\DFS3\DFS\e684c6e923ceb402779ccf79b6f9358857cfe6c5369b31ec516893b2a59085d5
0fba31682460640fe4aed22702acc538a6668bfa7c5f7be24dbf1ce9c9fbe523,F:\IITK\ARH thesis\DFS3\DFS\0fba31682460640fe4aed22702acc538a6668bfa7c5f7be24dbf1ce9c9fbe523
32a9658fd43cb47983739174c511ae8f5911c1b88c6877ca53d5aa2b02d80802,F:\IITK\ARH thesis\DFS3\DFS\32a9658fd43cb47983739174c511ae8f5911c1b88c6877ca53d5aa2b02d80802
