6c5067354df300d9f3af297452950cd070b1ddd83066e94f991f95e580ee2953,F:\IITK\ARH thesis\DFS3\DFS\6c5067354df300d9f3af297452950cd070b1ddd83066e94f991f95e580ee2953
9d1a6809dae3633a0af5e42ec8b5e96ca82a9ff4d0f90e670819c0d595eb8513,F:\IITK\ARH thesis\DFS3\DFS\9d1a6809dae3633a0af5e42ec8b5e96ca82a9ff4d0f90e670819c0d595eb8513
1a184ae20a48a145e41d6a8ed8788c071c4d7ed5d314c86a691947201ba8b1d2,F:\IITK\ARH thesis\DFS3\DFS\1a184ae20a48a145e41d6a8ed8788c071c4d7ed5d314c86a691947201ba8b1d2
76b7a5e38e988061f3462eefaf7592590390e107aac3dff7e1e07bf4528d4859,F:\IITK\ARH thesis\DFS3\DFS\76b7a5e38e988061f3462eefaf7592590390e107aac3dff7e1e07bf4528d4859
1938261bfb7d63dcad2b4925b8e5c37a9a11b69e00066f9c4831cc366926b99e,F:\IITK\ARH thesis\DFS3\DFS\1938261bfb7d63dcad2b4925b8e5c37a9a11b69e00066f9c4831cc366926b99e
5d12e7696c0484fdc31269fa36f3365c1cb15526d6db439a9330567b169680d8,F:\IITK\ARH thesis\DFS3\DFS\5d12e7696c0484fdc31269fa36f3365c1cb15526d6db439a9330567b169680d8
3fb9af3e2fe37bfd747e7f0c12373176018f538e0bfeb4507996483b4483abe5,F:\IITK\ARH thesis\DFS3\DFS\3fb9af3e2fe37bfd747e7f0c12373176018f538e0bfeb4507996483b4483abe5
